identifier,cluster,pageCount,wordCount,title,date,year,author,imprint,genre,subject,seriesNumber,reprintNumber,editions
dimenovels:196,cluster4,132,12373,The frontier angel : a romance of Kentucky rangers' life,1861-01-15,1861,"Ellis, Edward Sylvester, 1840-1916","Beadle and Company, 141 William St.",Western stories,Frontier and pioneer life--Fiction||Flatboats--Fiction||Kentucky--Fiction,15,,9
dimenovels:207,cluster6,136,11102,"Nathan Todd, or, The fate of the Sioux' captive",1861-03-01,1861,"Ellis, Edward Sylvester, 1840-1916","Beadle and Company, 141 William St.",Western stories,Frontier and pioneer life--Fiction||Dakota Indians--Fiction,18,,9
dimenovels:57,cluster6,132,8407,"Seth Jones, or, The captives of the frontier",1860-10-02,1860,"Ellis, Edward Sylvester, 1840-1916","Beadle and Company, 118 William Street",Western stories,Frontier and pioneer life--New York (State)--Fiction||Indians of North America--Fiction,8,,9
dimenovels:107,cluster4,132,7073,"Madge Wylde, the young man's ward, or, Lights and shadows of orphan life",1861-02-15,1861,"Townley, Arthur","Beadle and Company, 141 William St.",Domestic fiction,Guardian and ward--Fiction||Orphans--Fiction,17,,8
dimenovels:71,cluster6,136,12443,"Bill Biddon, trapper, or, Life in the north-west",1860-12-01,1860,"Ellis, Edward Sylvester, 1840-1916","Beadle and Company, 141 William St.",Western stories||Adventure stories,Frontier and pioneer life--Northwestern States--Fiction||Trapping--Northwestern States--Fiction||Northwestern States--Fiction,12,,8
dimenovels:247,cluster5,130,14296,"Myra, the child of adoption : a romance of real life",1860-07-14,1860,"Stephens, Ann S. (Ann Sophia), 1810-1886","Irwin P. Beadle and Company, 141 William St.",Love stories,"Gaines, Myra Clark, 1805-1885--Fiction||Adoption--Fiction",3,,7
dimenovels:98,cluster5,128,5882,"Sybil Chase, or, The Valley Ranche : a tale of California life",1861-04-15,1861,"Stephens, Ann S. (Ann Sophia), 1810-1886","Beadle and Company, 141 William St.",Love stories,Ranches--California--Fiction||Gold--California--Fiction,21,,7
dimenovels:54,cluster7,132,13118,The helpless hand : a tale of Backwoods retribution,1868-01-14,1868,"Reid, Mayne, 1818-1883","Beadle and Company, 118 William Street",Adventure stories,Hunters--Fiction||Retribution--Fiction||Arkansas--Fiction,141,,7
dimenovels:101,cluster1,100,6980,"Irona, or, Life on the old South-West border",1861-11-23,1861,"Ellis, Edward Sylvester, 1840-1916","Beadle and Company, 118 William Street",Love stories,Comanche Indians--Fiction||Southwestern States--Fiction,32,,6
dimenovels:64,cluster1,100,10442,"Kent, the ranger, or, The fugitives of the border",1863-09-01,1863,"Ellis, Edward Sylvester, 1840-1916","Beadle and Company, 118 William Street",Historical fiction,Frontier and pioneer life--Fiction||Indians of North America--Fiction||Indian captivities--Fiction||Ohio--Fiction,59,,6
dimenovels:82,cluster1,139,9324,"The golden belt, or, The Carib's pledge",1860-08-15,1860,"Barker, Colin","Beadle and Company, 118 William Street",Love stories,Carib Indians--Fiction||Belts (Clothing)--Fiction,5,,6
dimenovels:179,cluster2,100,6008,Indian Jim : a tale of the Minnesota massacre,1864-04-01,1864,"Ellis, Edward Sylvester, 1840-1916","Beadle and Company, 118 William Street",Love stories,Massacres--Fiction||Indians of North America--Minnesota--Fiction||Minnesota--Fiction,67,,6
dimenovels:239,cluster3,134,11663,"The prisoner of La Vintresse, or, The fortunes of a Cuban heiress",1860-11-15,1860,"Denison, Mary A. (Mary Andrews), 1826-1911","Irwin P. Beadle and Company, 141 William St.",Adventure stories,Prisoners--Cuba--Fiction||Inheritance and succession--Cuba--Fiction,11,,6
dimenovels:197,cluster4,128,2229,"Alice Wilde, the raftsman's daughter : a forest romance",1860-08-01,1860,"Victor, Metta Victoria Fuller, 1831-1885","Beadle and Company, 118 William Street",Love stories,Frontier and pioneer life--Michigan--Fiction||Rafts--Michigan--Fiction||Sawmills--Michigan--Fiction||Michigan--Fiction,4,,6
dimenovels:200,cluster4,116,11954,"The emerald necklace, or, Mrs. Butterby's boarder",1861-01-01,1861,"Kennedy, Rose","Beadle and Company, 141 William St.",Love stories,Artists--Fiction||Boardinghouses--Fiction||Necklaces--Fiction||Emeralds--Fiction,14,,6
dimenovels:206,cluster4,92,6673,"The outlaws' plot, or, Alone on the plains",1869-09-28,1869,"Willett, Edward, 1830-1889","Beadle and Company, 98 William Street",Western stories,Outlaws--Fiction||Wagon trains--Fiction||Gold mines and mining--Fiction||Plains--West (U.S.)--Fiction,187,,6
dimenovels:138,cluster5,130,6780,"Florida, or, The iron will : a story of to-day",1861-04-01,1861,"Denison, Mary A. (Mary Andrews), 1826-1911","Beadle and Company, 141 William St.",Love stories,Clairvoyants--Fiction||Connecticut--Fiction||New York (State)--Fiction,20,,6
dimenovels:13720,cluster1,100,11311,"Single Hand, the Comanche Attila, or, The chaparral rangers",1872-12-31,1872,"Hamilton, W. J., 1843-1892","Beadle and Adams, 98 William Street",Western stories,Outlaws--Mexico--Fiction||Comanche Indians--Fiction||Texas--Fiction,272,,5
dimenovels:141,cluster1,100,10138,The yellow chief : a romance of the Rocky Mountains,1869-10-26,1869,"Reid, Mayne, 1818-1883","Beadle and Company, 98 William Street",Western stories,Wagon trains--Fiction||Indians of North America--Fiction||Vicksburg (Miss.)--Fiction||South Platte River Valley (Colo. and Neb.)--Fiction||California--Fiction,189,,5
dimenovels:159,cluster1,100,7274,The mystic canoe : a romance of one hundred years ago,1865-06-27,1865,"Ellis, Edward Sylvester, 1840-1916","Beadle and Company, 118 William Street",Historical fiction||Love stories,"Frontier and pioneer life--Erie, Lake--Fiction||Indians of North America--Fiction",82,,5
dimenovels:67,cluster1,100,8993,"The prairie pathfinder, or, The lost sister",1870-03-29,1870,"Armstrong, Frank P., Captain, 1846-1894","Beadle and Company, 98 William Street",Western stories,Comanche Indians--Fiction||Mexicans--Fiction||Rio Grande (Colo.-Mexico and Tex.)--Fiction,200,,5
dimenovels:76,cluster1,100,10933,"Isabel de Cordova, or, The brethren of the coast : a tale of sea and land",1861,1861,"Warner, John S. (Dime novelist)","Beadle and Company, 118 William St.",Sea stories,"Morgan, Henry, 1635?-1688--Fiction||Buccaneers--Fiction||West Indies--Fiction",26,,5
dimenovels:13760,cluster2,82,9350,"The young mustanger, or, The red terror of Texas",1872-11-19,1872,"Dexter, Will, 1845-1921","Beadle and Adams, 98 William Street",Western stories,Frontier and pioneer life--Texas--Fiction||Comanche Indians--Fiction||Apache Indians--Fiction||Mustang--Fiction||San Saba (Tex.)--Fiction,269,,5
dimenovels:154,cluster2,100,4543,"The scout's prize, or, The old Dutch blunderbuss : a tale of 1776",1864-12-27,1864,"Johnstone, Herrick","Beadle and Company, 118 William Street",Historical fiction,"United States--History--Revolution, 1775-1783--Fiction||New York (State)--Fiction",76,,5
dimenovels:199,cluster2,100,11237,"The Creole sisters, or, The mystery of the Perrys : a tale of thirty years ago",1866-03-20,1866,"Porter, Ann E. (Ann Emerson), 1816-1898","Beadle and Company, 118 William Street",Detective and mystery stories,Florida--Fiction,93,,5
dimenovels:222,cluster2,100,12133,"Old jupe, or, A woman's art",1867-06-18,1867,"James, Orrin, Mrs., 1831-1885","Beadle and Company, 118 William Street",Western stories,Missouri--Fiction||San Francisco (Calif.)--Fiction||California--Gold discoveries--Fiction||Fire--Fiction,126,,5
dimenovels:87,cluster2,108,12286,"Cedar swamp, or, Wild Nat's brigade : a tale of Tory treachery and patriot bravery",1860-12-15,1860,"Eyster, William R. (William Reynolds), 1841-1918","Beadle and Company, 141 William St.",Historical fiction,"United States--History--Revolution, 1775-1783--Fiction||South Carolina--Fiction",13,,5
dimenovels:146,cluster3,100,7203,The buffalo-trapper : a tale of strange adventure in the North-West,1870-07-02,1870,"LaSalle, Charles E., 1840-1916","Beadle and Company, 98 William Street",Western stories,Trappers--Fiction||American bison--Fiction||Northwestern States--Fiction||Missouri--Fiction,207,,5
dimenovels:217,cluster3,100,9549,"Myrtle, the child of the prairie",1863-05-16,1863,"Victor, Metta Victoria Fuller, 1831-1885","Beadle and Company, 118 William Street",Love stories,Lost children--Fiction,54,,5
dimenovels:113,cluster4,136,13199,The backwoods' bride : a romance of squatter life,1860-11-01,1860,"Victor, Metta Victoria Fuller, 1831-1885","Irwin P. Beadle and Company, 141 William St.",Love stories,Squatters--Fiction||Michigan--Fiction,10,,5
dimenovels:158,cluster4,116,11329,"Hates and loves, or, The lesson of four lives",1863-05-01,1863,"Townley, Arthur","Beadle and Company, 118 William Street",Love stories,Families--Fiction||Fathers and sons--Fiction,53,,5
dimenovels:209,cluster4,104,6874,"The slave sculptor, or, The prophetess of the secret chambers : a tale of Mexico at the period of the conquest",1860-10-16,1860,"Hall, William Jared","Irwin P. Beadle and Company, 118 William St.",Adventure stories,"Aztecs--Fiction||Mexico--History--Conquest, 1519-1540--Fiction",9,,5
dimenovels:254,cluster4,100,5938,The lost trail : a legend of the far West,1864-07-26,1864,"Ellis, Edward Sylvester, 1840-1916","Beadle and Company, 118 William Street",Western stories,Legends--Fiction,71,,5
dimenovels:255,cluster4,124,9532,"Massasoit's daughter, or, The French captives : a romance of aboriginal New-England",1861-03-15,1861,"Duganne, A. J. H. (Augustine Joseph Hickey), 1823-1884","Beadle and Company, 141 William St.",Historical fiction,"Massasoit, 1580-1661--Fiction||Indian captivities--Fiction||Frontier and pioneer life--Fiction",19,,5
dimenovels:52,cluster4,100,6660,"The White Vulture, or, The trail by the Yellowstone : a romance of life in the Indian country",1869-06-08,1869,"Aiken, Albert W., 1846-1894","Beadle and Company, 98 William Street",Love stories,"Wagon trains--Fiction||Mandan Indians--Fiction||Dakota Indians--Fiction||Fort Benton (Fort Benton, Mont. : Fort)--Fiction||Yellowstone River--Fiction",179,,5
dimenovels:55,cluster4,132,8187,The privateer's cruise and the bride of Pomfret Hall : a sea tale of '76,1860-06-30,1860,"Cavendish, Harry, 1819-1887","Irwin P. Beadle and Company, 141 William St.",Sea stories,Privateering--Fiction,2,,5
dimenovels:119,cluster5,100,7755,"The golden harpoon, or, Lost among the floes : a story of the whaling grounds",1865-08-01,1865,"Starbuck, Roger, 1837-","Beadle and Company, 118 William Street",Sea stories,Whaling--Fiction,83,,5
dimenovels:13702,cluster5,100,5427,"Old Zip, or, The cabin in the air : a story of the Sioux country",1871-09-26,1871,"Adams, Bruin, 1840-1916","Beadle and Company, 98 William Street",Historical fiction,Dakota Indians--Fiction||Indians of North America--Great Plains--19th century--Fiction||Massacres--Minnesota--Fiction||Escapes--Fiction,239,,5
dimenovels:185,cluster5,133,12268,"Malaeska, the Indian wife of the white hunter",1860-06-09,1860,"Stephens, Ann S. (Ann Sophia), 1810-1886","Irwin P. Beadle and Company, 141 William St.",Western stories||Love stories,Indians of North America--New York (State)--Fiction||Catskill Mountains (N.Y.)--Fiction||Hudson River (N.Y. and N.J.)--Fiction,1,,5
dimenovels:219,cluster5,100,12936,"The mad skipper, or, A cruise after the maelstrom : a tale of the sea",1866-04-03,1866,"Starbuck, Roger, 1837-","Beadle and Company, 118 William Street",Sea stories,Ship captains--Fiction||Mental illness--Fiction,94,,5
dimenovels:21925,cluster5,91,,The island pirate : a tale of the Mississippi,1868-06-09,1868,"Reid, Mayne, 1818-1883",98 William St.,Adventure stories,Pirates--Fiction||Plantation life--Fiction||Boat living--Fiction||Mississippi River Valley--Fiction,152,559,5
dimenovels:102,cluster6,100,13033,"Hurricane Bill, or, Mustang Sam and his ""pard"" : a romance of the ""Evil Land""",1874-09-08,1874,"Badger, Jos. E. (Joseph Edward), 1848-1909","Beadle and Adams, 98 William Street",Western stories||Love stories,Horsemanship--Competitions--Fiction||Outlaws--Fiction||Mexicans--Fiction||Cherokee Indians--Fiction||Apache Indians--Fiction||Rescues--Fiction,316,,5
dimenovels:140,cluster6,98,11480,The twin scouts : a story of the old French War,1866-03-03,1866,"Hamilton, W. J., 1843-1892","Beadle and Company, 118 William Street",Adventure stories,"Frontier and pioneer life--Fiction||Indians of North America--Fiction||United States--History--French and Indian War, 1755-1763--Fiction",92,,5
dimenovels:249,cluster6,116,12599,The scout : a story of early New-England,1863-07-11,1863,"St. John, Warren","Beadle and Company, 118 William Street",Adventure stories,Frontier and pioneer life--Fiction||New England--Fiction,57,,5
dimenovels:43,cluster6,136,9769,"The trail hunters, or, Monowano, the Shawnee spy",1861-06-01,1861,"Ellis, Edward Sylvester, 1840-1916","Beadle and Company, 141 William Street",Western stories,Frontier and pioneer life--Fiction||Shawnee Indians--Fiction||Kentucky--Fiction,24,,5
dimenovels:69,cluster6,100,6033,"The rival scouts, or, The forest garrison : a story of the siege and fall of Fort Presqu'Isle",1865-02-27,1865,"Ellis, Edward Sylvester, 1840-1916","Beadle and Company, 118 William Street",Historical fiction,"Hunters--Fiction||Frontier and pioneer life--Fiction||Ohio--Fiction||Presque Isle Bay (Pa.)--Fiction||Erie, Lake--18th century--Fiction",78,,5
dimenovels:126,cluster7,120,9599,The wrong man : a tale of the early settlements,1862-05-01,1862,"Thomas, Henry J.","Beadle and Company, 141 William Street",Historical fiction,Frontier and pioneer life--Fiction||Peddlers and peddling--Fiction||Ohio--Fiction,38,,5
dimenovels:21983,cluster7,119,,"Ben Bramble, the hunter king of the Kenawha : a tale of Kentuck",1862-08-29,1862,"Thomas, Henry J.",141 William St.,Adventure stories,Frontier and pioneer life--Kentucky--Fiction||Hunters--Kentucky--Fiction||Kanawha River Valley (W. Va.)--Fiction||Kentucky--Fiction,43,327,5
dimenovels:125,cluster1,94,11993,"Foghorn Phil, the king of the border, or, The secret foe",1874-06-16,1874,"Coomes, Oll, 1845-1921","Beadle and Adams, 98 William Street",Western stories,Dakota Indians--Fiction||Powder River (Wyo. and Mont.)--Fiction||Bighorn Mountains (Wyo. and Mont.)--Fiction,310,,4
dimenovels:173,cluster1,130,5006,Gideon Godbold : a tale of Arnold's treason,1862-04-01,1862,"Iron, N. C. (Nathaniel Colchester)","Beadle and Company, 141 William Street",Historical fiction,"Arnold, Benedict, 1741-1801--Fiction||United States--History--Revolution, 1775-1783--Fiction",37,,4
dimenovels:133,cluster2,100,7929,"The moose-hunter, or, Life in the Maine woods",1864-08-30,1864,"Neal, John, 1793-1876","Beadle and Company, 118 William Street",Adventure stories,Hunters--Fiction||Quakers--Fiction||Moose--Fiction||Maine--Fiction,72,,4
dimenovels:143,cluster2,102,11332,"Red Plume, the renegade : a tale of the Blackfeet country",1865-10-31,1865,"Henderson, J. Stanley, 1830-1889","Beadle and Company, 118 William Street",Western stories,Sihasapa Indians--Fiction||Indians of North America--Great Plains--Fiction,86,,4
dimenovels:21785,cluster2,93,,"The vailed benefactress, or, The rocking stone mystery",1867-04-09,1867,"Sherwood, Scott Rathburn, 1842-1910",118 William St.,Adventure stories,"Rocks--Folklore--Fiction||Maryland--History--Revolution, 1775-1783--Fiction",121,538,4
dimenovels:21837,cluster2,102,,"Tippy, the Texan, or, The young champion : a story of the siege of Monterey",1874-09-22,1874,"Gleason, George W.",No. 98 William Street,Love stories,New Mexico--History--To 1848--Fiction||Monterrey (Mexico)--Fiction,317,469,4
dimenovels:221,cluster2,139,9117,"Winifred Winthrop, or, The Lady of Atherton Hall",1861-05-15,1861,"Augusta, Clara","Beadle and Company, 141 William St.",Love stories,Upper class--Social life and customs--Fiction||Southern states--Social life and customs--Fiction,23,,4
dimenovels:228,cluster2,100,6830,"Night-hawk Kit, or, The daughter of the ranche : a romance of the South-west",1871-09-12,1871,"Badger, Jos. E. (Joseph Edward), 1848-1909","Beadle and Company, 98 William Street",Love stories,Outlaws--Texas--Fiction||Brazos River (Tex.)--19th century--Fiction,238,,4
dimenovels:47,cluster2,104,11360,"Captain Molly, or, The fight at Trenton, Christmas, 1776 : a story of the Revolution",1865-12-21,1865,"Denison, Mary A.. (Mary Andrews), 1826-1911","Beadle and Company, 118 William Street",Love stories,"Washington, George, 1732-1799--Fiction||United States--History--Revolution, 1775-1783--Fiction",88,,4
dimenovels:123,cluster3,100,4087,"The silver bugle, or, The Indian maiden of St. Croix",1864-09-27,1864,"Hazelton, Harry","Beadle and Company, 118 William Street",Western stories||War stories,"Dakota War, Minnesota, 1862--Fiction||Indians of North America--Fiction||Saint Croix River (Wis. and Minn.)--Fiction",73,,4
dimenovels:129,cluster3,100,16918,"Chip, the cave child",1860-09-01,1860,"Denison, Mary A. (Mary Andrews), 1826-1911","Beadle and Company, 118 William Street",Western stories,Indians of North America--Fiction||Pennsylvania--Fiction,6,,4
dimenovels:131,cluster3,96,11451,"The Masked Avenger, or, Death on the trail : a tale of the south-west frontier",1873-07-15,1873,"Ingraham, Prentiss, 1843-1904","Beadle and Adams, 98 William Street",Western stories,Outlaws--Fiction||Wagon trains--Fiction||Texas--Fiction||Santa Fe (N.M.)--Fiction,286,,4
dimenovels:13706,cluster3,100,7794,"Quindaro, or, The heroine of Fort Laramie : a tale of the Far West",1865-01-31,1865,"Hazelton, Harry","Beadle and Company, 118 William Street",Western stories,Women heroes--Fiction||Fort Laramie (Wyo. : Fort)--Fiction,77,,4
dimenovels:183,cluster3,132,10158,Uncle Ezekiel : and his exploits on two continents,1861-02-01,1861,"Victor, Metta Victoria Fuller, 1831-1885","Beadle and Company, 141 William St.",Love stories,Illinois--Social life and customs--Fiction||London (England)--Social life and customs--19th century--Fiction,16,,4
dimenovels:211,cluster3,95,10613,"Karaibo, or, The outlaw's fate",1866-06-26,1866,"Henderson, J. Stanley, 1830-1889","Beadle and Company, 118 William Street",Adventure stories||Western stories,Outlaws--Fiction||Sierra Nevada (Calif. and Nev.)--Fiction,100,,4
dimenovels:21997,cluster3,100,,"Foul-weather Jack, or, The double wreck",1867-10-08,1867,"Starbuck, Roger, 1837-",118 William St.,Sea stories||Love stories,Whaling--19th century--Fiction,134,371,4
dimenovels:21998,cluster3,98,,The Forest Spy : a tale of the War of 1812,1861-09-21,1861,"Ellis, Edward Sylvester, 1840-1916",141 William St.,Historical fiction,"Tecumseh, Shawnee Chief, 1768-1813--Fiction||United States--History--War of 1812--Fiction||Erie, Lake--Fiction",29,516,4
dimenovels:250,cluster3,96,10627,"Little Moccasin, or, Along the Madawaska : a story of life and love in the lumber region",1866-05-01,1866,"Neal, John, 1793-1876","Beadle and Company, 118 William Street",Love stories,Lumber camps--Fiction||Mohawk Indians--Fiction||Madawaska (Me.)--Fiction,96,,4
dimenovels:58,cluster3,100,5348,"The prairie queen, or, Tom Western, the Texan ranger",1871-06-20,1871,"Hamilton, W. J., 1843-1892","Beadle and Company, 98 William Street",Western stories,McCulloch's Texas Rangers--Fiction||Horse stealing--Texas--Fiction||Comanche Indians--Fiction,232,,4
dimenovels:105,cluster4,100,6728,"Eagle Eye, or, Ralph Warren and his red friend : a story of the fall of Oswego",1865-04-25,1865,"Hamilton, W. J., 1843-1892","Beadle and Company, 118 William Street",Love stories,"Frontier and pioneer life--Fort Oswego (Oswego, N.Y.)--Fiction||Iroquois Indians--Fiction",80,,4
dimenovels:150,cluster4,100,9766,"The mustang-hunters, or, The beautiful Amazon of the hidden valley : a tale of the staked plains",1871-03-28,1871,"Whittaker, Frederick, 1838-1889","Beadle and Company, 98 William Street",Western stories,Wild horses--Fiction||Mustang--Training--Fiction||Plateaus--Texas--Fiction||Llano Estacado--Fiction,226,,4
dimenovels:166,cluster4,132,9740,The king's man : a tale of South Carolina in Revolutionary times,1862-08-06,1862,"Duganne, A. J. H. (Augustine Joseph Hickey), 1823-1884","Beadle and Company, 141 William Street",Historical fiction,"United States--History--Revolution, 1775-1783--Fiction||South Carolina--Fiction",42,,4
dimenovels:175,cluster4,102,10482,"Eph Peters, or, The scout of the Mohawk Valley",1866-04-17,1866,"Hamilton, W. J., 1843-1892","Beadle and Company, 118 William Street",Adventure stories,Frontier and pioneer life--Fiction||Mohawk Indians--Fiction||Mohawk River Valley (N.Y.)--Fiction,95,,4
dimenovels:21818,cluster4,100,,"The first trail, or, The forest foundling",1870-01-18,1870,"Bowen, James L. (James Lorenzo), 1842-1919",98 William St.,Adventure stories,Frontier and pioneer life--Fiction||Adopted children--Fiction||Brothers--Fiction,195,403,4
dimenovels:245,cluster4,100,7979,"Buckskin Bill, or, The white demon of the woods",1870-06-21,1870,"Greenwood, Guy","Beadle and Company, 98 William Street",Western stories,Sihasapa Indians--Fiction||Indians of North America--Fiction||Trappers--Fiction||American bison--Fiction||Overland journeys to the Pacific--Fiction||Frontier and pioneer life--Fiction,206,,4
dimenovels:251,cluster4,100,9548,"King Barnaby, or, The maidens of the forest : a romance of the Mickmacks",1861-08-24,1861,"Busteed, Nicholas William, 1814-1872","Beadle and Company, 141 William Street",Love stories,Frontier and pioneer life--Fiction||Micmac Indians--Fiction||Que?bec (Province)--Fiction,28,,4
dimenovels:260,cluster4,100,6588,"Despard, the spy, or, The fall of Montreal",1869-03-02,1869,"Hamilton, W. J., 1843-1892","Beadle and Company, 98 William Street",Spy stories,"Montre?al (Que?bec)--Fiction||United States--History--French and Indian War, 1754-1763--Fiction",172,,4
dimenovels:42,cluster4,100,10152,"Guilty or not guilty, or, The ordeal of fire : a tale of thirty years ago",1866-08-21,1866,"Porter, Ann E. (Ann Emerson), 1816-1898","Beadle and Company, 118 William Street",Detective and mystery stories,Massachusetts--Fiction||Murder--Fiction||Ordeal--Fiction,104,,4
dimenovels:59,cluster4,124,9066,The hunter's cabin : an episode of the early settlements of southern Ohio,1862-07-18,1862,"Ellis, Edward Sylvester, 1840-1916","Beadle and Company, 141 William Street",Historical fiction,Frontier and pioneer life--Ohio--Fiction||Frontier and pioneer life--Ohio--Fiction||Wyandot Indians--Fiction,41,,4
dimenovels:73,cluster4,100,11228,"The outlaw ranger, or, The old hunter's last trail : a romance of the Missouri settlements",1872-04-23,1872,"Badger, Jos. E. (Joseph Edward), 1848-1909","Beadle and Company, 98 William Street",Love stories,Outlaws--Missouri--Fiction||Vigilantes--Missouri--Fiction,254,,4
dimenovels:88,cluster4,116,7143,The wrecker's prize,1864-02-02,1864,"Thomas, Henry J., Mrs.","Beadle and Company, 118 William Street",Sea stories||Love stories,Wreckers (Plunderers of ships)--Fiction||Shipwrecks--18th century--Fiction||Atlantic Coast (America)--Fiction,65,,4
dimenovels:97,cluster4,100,12448,The missing bride : a story of life in the West,1867-05-07,1867,"Bowen, James L. (James Lorenzo), 1842-1919","Beadle and Company, 118 William Street",Western stories,Brides--Fiction,123,,4
dimenovels:198,cluster5,100,4857,"The Schuylkill rangers, or, The bride of Valley Forge : a story of 1777",1865-03-28,1865,"Hazelton, Harry","Beadle and Company, 118 William Street",Love stories,"United States--History--Revolution, 1775-1783--Fiction||Schuylkill River (Pa.)--Fiction",79,,4
dimenovels:210,cluster5,100,8895,The gold hunters : a romance of Pike's Peak and New York,1863-01-10,1863,"Victor, Metta Victoria Fuller, 1831-1885","Beadle and Company, 118 William Street",Love stories,Frontier and pioneer life--Fiction||Pikes Peak (Colo.)--Fiction,49,,4
dimenovels:214,cluster5,100,7651,"Tim Bumble's charge, or, Mrs. Lattison's one great sorrow",1862-12-01,1862,"Denison, Mary A. (Mary Andrews), 1826-1911","Beadle and Company, 118 William Street",Love stories,New England--Fiction||Irish--Fiction||Amnesia--Fiction,47,,4
dimenovels:220,cluster5,100,7830,"The brigantine, or, Admiral Lowe's last cruise : a tale of 1673",1864-04-26,1864,"Paulding, Decatur","Beadle and Company, 118 William Street",Historical fiction||Sea stories,"New York (N.Y.)--History--Colonial period, ca. 1600-1775--Fiction",68,,4
dimenovels:243,cluster5,104,9744,"The phantom horseman, or, The mad hunter of the Mohawk",1869-11-09,1869,"Ellis, Edward Sylvester, 1840-1916","Beadle and Company, 98 William Street",War stories,"Seneca Indians--Fiction||United States--History--Revolution, 1775-1783--Fiction||Mohawk River Valley (N.Y.)--Fiction",190,,4
dimenovels:256,cluster5,100,8832,"Silverspur, or, The mountain heroine : a tale of the Arapaho country",1870-09-13,1870,"Willett, Edward, 1830-1889","Beadle and Company, 98 William Street",Western stories,Arapaho Indians--Fiction||Trappers--Fiction||American bison hunting--Fiction||Platte River (Neb.)--Fiction||Fort Laramie (Wyo. : Fort)--Fiction,212,,4
dimenovels:66,cluster5,101,10574,"The white Apache, or, The lifted trail : a tale of the mid ranges",1872-01-02,1872,"Willett, Edward, 1830-1889","Beadle and Company, 98 William Street",Western stories,Apache Indians--Fiction||Pueblo Indians--Fiction||Santa Fe National Historic Trail--Fiction||New Mexico--19th century--Fiction,246,,4
dimenovels:109,cluster6,100,6561,"Bowlegs, the Seminole chief, or, The captives of the Kissimmee : a tale of the Florida Everglades",1865-08-29,1865,"Hazelton, Harry","Beadle and Company, 118 William Street",Biographical fiction||War stories,"Bowlegs, Billy, 1808?-1863 or 1864--Fiction||Seminole War, 2nd, 1835-1842--Fiction||Seminole Indians--Fiction||Indian captivities--Fiction||Florida--Fiction",84,,4
dimenovels:110,cluster6,228,10470,"Maum Guinea, and her plantation ""children,"" or, Holiday-week on a Louisiana estate : a slave romance",1861-12-10,1861,"Victor, Metta Victoria Fuller, 1831-1885","Beadle and Company, 141 William Street",Love stories,Slavery--United States--Fiction||African American women--Fiction||Plantation life--Fiction||Women slaves--Fiction||Louisiana--Fiction,33,,4
dimenovels:114,cluster6,100,11974,"The doomed hunter, or, The tragedy of Forest Valley : a story of the early West",1866-05-19,1866,"Bowen, James L. (James Lorenzo), 1842-1919","Beadle and Company, 118 William Street",Adventure stories,Frontier and pioneer life--Ohio--Fiction||Indians of North America--Fiction,97,,4
dimenovels:130,cluster6,110,10705,The black ship,1863-02-07,1863,"Warner, John S.","Beadle and Company, 118 William Street",Sea stories||Love stories||Historical fiction,Ships--Fiction||Atlantic Ocean--Fiction,50,,4
dimenovels:13727,cluster6,100,11175,"The fugitives, or, The Quaker scout of Wyoming : a tale of the massacre of 1778",1865-09-26,1865,"Ellis, Edward Sylvester, 1840-1916","Beadle and Company, 118 William Street",Western stories,"Butler, John, 1728-1796||Quakers--Fiction||Massacres--Pennsylvania--Wyoming Valley (Pa.)--Fiction",85,,4
dimenovels:153,cluster6,100,10483,"Burt Bunker, the trapper : a tale of the North-West hunting grounds",1870-03-01,1870,"LaSalle, Charles E., 1840-1916","Beadle and Company, 98 William Street",Western stories,Trapping--Fiction||Sihasapa Indians--Fiction||Yellowstone River--Fiction||Montana--Fiction||Wyoming--Fiction,198,,4
dimenovels:180,cluster6,132,10788,"The reefer of '76, or, The cruise of the fire-fly",1860-09-15,1860,"Cavendish, Harry, 1819-1887","Beadle and Company, 118 William St.",Sea stories,"United States--History--Revolution, 1775-1783--Naval operations--Fiction||United States--History--Revolution, 1775-1783--Fiction",7,,4
dimenovels:21911,cluster6,100,,"Stella, the spy : a tale of the War of '76",1861-07-27,1861,"Iron, N. C. (Nathaniel Colchester)",141 William St.,Adventure stories,"Washington, George, 1732-1799--Fiction||Long Island, Battle of, New York, N.Y., 1776--Fiction||New York (State)--History--Revolution, 1775-1783--Fiction||Delaware River (N.Y.-Del. and N.J.)--Fiction",27,342,4
dimenovels:242,cluster6,132,8578,The riflemen of the Miami,1862-03-01,1862,"Ellis, Edward Sylvester, 1840-1916","Beadle and Company, 141 William Street",Historical fiction,Frontier and pioneer life--Fiction||Indians of North America--Fiction||Ohio--Fiction,36,,4
dimenovels:252,cluster6,100,11532,"Black Nick, the hermit of the hills, or, The expiated crime : a story of Burgoyne's surrender",1873-12-16,1873,"Whittaker, Frederick, 1838-1889","Beadle and Adams, 98 William Street",Historical fiction,"Burgoyne, John, 1739-1785--Fiction||Mohawk Indians--Fiction||United States--History--Revolution, 1775-1783--Fiction",297,,4
dimenovels:44,cluster6,120,4900,"Oonomoo, the Huron",1862-12-20,1862,"Ellis, Edward Sylvester, 1840-1916","Beadle and Company, 118 William Street",Western stories,Frontier and pioneer life--Ohio--Fiction||Wyandot Indians--Fiction,48,,4
dimenovels:136,cluster7,132,7643,Single eye : a story of King Philip's War,1863-04-02,1863,"St. John, Warren","Beadle and Company, 118 William Street",Historical fiction,"King Philip's War, 1675-1676--Campaigns--Massachusetts--Fiction",52,,4
dimenovels:13748,cluster7,100,11159,"The rival rovers, or, The flying wake",1873-11-04,1873,"Starbuck, Roger, 1837-","Beadle and Adams, 98 William Street",Sea stories||Love stories,Pirates--Fiction||Fiji--19th century--Fiction||South Pacific Ocean--Fiction,294,,4
dimenovels:149,cluster7,100,12213,"The Hussar captain, or, The hermit of Hell-Gate",1873-12-30,1873,"Ingraham, Prentiss, 1843-1904","Beadle and Adams, 98 William Street",Historical fiction||Spy stories,"Howe, William Howe, Viscount, 1729-1814--Fiction||Hussars--Fiction||United States--History--Revolution, 1775-1783--Fiction||New York (N.Y.)--Fiction",298,,4
dimenovels:21773,cluster7,96,,"Afloat and ashore, or, The wreck of the Albion",1862-11-01,1862,"Warner, John S.",141 William St.,Sea stories,Voyages and travels--Fiction||Shipwrecks--Fiction||New Orleans (La.)--Fiction||Bahamas--Fiction||Baltimore (Md.)--Fiction||Caribbean Sea--Fiction,46,500,4
dimenovels:225,cluster7,100,11358,"Tim, the scout, or, Caught in his own toils : a tale of Tecumseh's time",1867-12-03,1867,"Clark, Charles Dunning, 1843-1892","Beadle and Company, 118 William Street",Adventure stories,"Tecumseh, Shawnee Chief, 1768-1813--Fiction||Harrison, William Henry, 1773-1841--Fiction||Frontier and pioneer life--Fiction||Tippecanoe River (Ind.)--Fiction",138,,4
dimenovels:248,cluster7,100,4647,"Black Hollow, or, The dragoon's bride : a tale of the Ramapo in 1779",1864-06-01,1864,"Iron, N. C. (Nathaniel Colchester)","Beadle and Company, 118 William Street",Historical fiction,Witches--Fiction||Orange County (N.Y.)--Fiction,69,,4
dimenovels:261,cluster7,116,8362,"The maid of the mountain, or, The brothers of the League : a romance of the Sierras",1868-04-07,1868,"Hamilton, W. J., 1843-1892","Beadle and Company, 98 William Street",Western stories,Outlaws--Fiction||Sierra Nevada (Calif. and Nev.)--Fiction||California--Gold discoveries--Fiction,147,,4
dimenovels:75,cluster7,100,11300,"Boone, the hunter, or, The backwoods belle : a romance of early life in Virginia",1873-03-25,1873,"Whittaker, Frederick, 1838-1889","Beadle and Adams, 98 William Street",Love stories,"Boone, Daniel, 1734-1820--Fiction||Frontier and pioneer life--Blue Ridge Mountains--Fiction||Frontier and pioneer life--Virginia--Fiction||Blue Ridge Mountains--Fiction",278,,4
dimenovels:100,cluster1,100,11965,"Mountain Kate, or, Love in the trapping-grounds : a tale of the Powder River country",1872-09-10,1872,"Badger, Jos. E. (Joseph Edward), 1848-1909","Beadle and Adams, 98 William Street",Love stories,Trapping--Fiction||Cheyenne Indians--Fiction||Powder River Valley (Wyo. and Mont.)--Fiction||Wyoming--19th century--Fiction||Montana--19th century--Fiction,264,,3
dimenovels:137,cluster1,100,9578,"The Specter Riders, or, The fort mystery",1872-11-05,1872,"Gleason, George W.","Beadle and Adams, 98 William Street",Detective and mystery stories||Love stories,Outlaws--Fiction||Cherokee Indians--Fiction||Prairies--Missouri--Fiction||Soldiers--Fiction,268,,3
dimenovels:160,cluster1,100,7673,"Old Kyle the trailer, or, The renegade of the Delawares",1869-07-06,1869,"Thomas, Henry J.","Beadle and Company, 98 William Street",Love stories||Historical fiction,Frontier and pioneer life--Fiction||Delaware Indians--Fiction||Iowa--Fiction,181,,3
dimenovels:177,cluster1,120,12251,"The mad hunter, or, The downfall of the Le-Forests",1863-08-01,1863,"Denison, Mary A. (Mary Andrews), 1826-1911","Beadle and Company, 118 William Street",Love stories,New York (State)--Fiction,58,,3
dimenovels:184,cluster1,100,11330,"The hunchback, or, The cave castle : a romance of the early revolution",1867-03-26,1867,"Hamilton, W. J., 1843-1892","Beadle and Company, 118 William Street",Historical fiction||Love stories,"Kyphosis--Patients--Fiction||Frontier and pioneer life--New York (State)--Fiction||United States--History--Revolution, 1775-1783--Fiction||Johnson, William Samuel, 1727-1819--Fiction||Claus, Daniel, 1727-1787--Fiction||Brant, Joseph, 1742-1807--Fiction",120,,3
dimenovels:21755,cluster1,100,,Agnes Falkland : a story of continental times,1862-09-20,1862,"Iron, N. C. (Nathaniel Colchester)",141 William St.,Adventure stories,"Bunker Hill, Battle of, Boston, Mass., 1775--Fiction||Canadian Invasion, 1775-1776--Fiction||United States--History--Revolution, 1775-1783--Fiction",44,542,3
dimenovels:21971,cluster1,99,,The black wizard : a tale of the fatal circle of invisible fire,1871-08-01,1871,"Whittaker, Frederick, 1838-1889",98 William St.,Western stories,Outlaws--Fiction||Electrocution--Fiction||Apache Indians--Fiction||Organ Mountains (N.M.)--Fiction,235,386,3
dimenovels:258,cluster1,116,13027,"Off and on, or, The ""Ranger's"" first cruise",1863-06-01,1863,"Warner, John S.","Beadle and Company, 118 William Street",Love stories||Sea stories,France--Fiction,55,,3
dimenovels:83,cluster1,113,9451,Ruth Margerie : a romance of the revolt of 1689,1862-01-01,1862,"Denison, Mary A. (Mary Andrews), 1826-1911","Beadle and Company, 141 William Street",Love stories||Historical fiction,"Boston (Mass.)--History--Colonial period, ca. 1600-1775--Fiction",34,,3
dimenovels:163,cluster2,100,11657,"Old Bear-Paw, the trapper king, or, The love of a Blackfoot queen",1873-07-01,1873,"Martine, Max, Major","Beadle and Adams, 98 William Street",Adventure stories,Indian scouts--Fiction||Dakota Indians--Fiction||Siksika Indians--Fiction||Black Hills (S.D. and Wyo.)--Fiction,285,,3
dimenovels:165,cluster2,100,10444,"The Scioto scouts, or, The Shawnees' decoy",1870-12-20,1870,"Willett, Edward, 1830-1889","Beadle and Company, 98 William Street",Adventure stories,Shawnee Indians--Fiction||Delaware Indians--Fiction||Indians of North America--Middle Atlantic States--Fiction||Ohio River--Fiction||Scioto River (Ohio)--Fiction||Kentucky--History--To 1792--Fiction,219,,3
dimenovels:168,cluster2,190,31369,"The silent hunter, or, The Scowl Hall mystery",1869-01-06,1869,"St. John, Percy B. (Percy Bolingbroke), 1821-1889","Beadle and Company, 98 William Street",Detective and mystery stories,Indians of North America--Fiction||Scioto River (Ohio)--Fiction||Ohio River--Fiction,168,,3
dimenovels:189,cluster2,100,11479,"Jo Daviess' client, or, 'Courting' in Kentucky",1863-10-01,1863,"Victor, Metta Victoria Fuller, 1831-1885","Beadle and Company, 118 William Street",Historical fiction,Trials--Fiction||Frontier and pioneer life--Fiction||Kentucky--Fiction,60,,3
dimenovels:191,cluster2,100,11787,"Overboard, or, The double cruise : a tale of the Japan Sea whaling ground",1866-06-12,1866,"Starbuck, Roger, 1837-","Beadle and Company, 118 William Street",Sea stories,"Whaling--Fiction||Japan, Sea of--Fiction",99,,3
dimenovels:201,cluster2,100,6843,"Red lightning, or, The Black league : a tale of the trading-posts in 1760",1872-01-31,1872,"Hamilton, W. J., 1843-1892","Beadle and Company, 98 William Street",Historical fiction,Trading posts--Michigan--Fiction||Delaware Indians--Fiction||Indians of North America--Middle Atlantic States--Fiction||Pontiac (Mich.)--18th century--Fiction||Detroit (Mich.)--18th century--Fiction,248,,3
dimenovels:49,cluster2,98,9376,"The Shawnee scout, or, The death trail",1870-02-15,1870,"Henderson, J. Stanley, 1830-1889","Beadle and Company, 98 William Street",Western stories,Shawnee Indians--Fiction||Indians of North America--Fiction||Frontier and pioneer life--Fiction||Kentucky--Fiction,197,,3
dimenovels:53,cluster2,100,11791,"The maid of Wyoming, or, The contest of the clans",1866-07-10,1866,"Bowen, James L. (James Lorenzo), 1842-1919","Beadle and Company, 118 William Street",Love stories,Frontier and pioneer life--Fiction||Wyoming--Fiction,101,,3
dimenovels:84,cluster2,98,6318,The hunter's escape : a tale of the North West in 1862,1864-11-22,1864,"Ellis, Edward Sylvester, 1840-1916","Beadle and Company, 118 William Street",Western stories,"Dakota War, Minnesota, 1862--Fiction||Missionaries--Fiction||Hunters--Fiction||Indians of North America--Great Plains--Fiction||Dakota Indians--Fiction||Minnesota--Fiction",75,,3
dimenovels:89,cluster2,100,11689,Laughing Eyes : a tale of the Natchez Fort,1863-10-31,1863,"Thomas, Henry J.","Beadle and Company, 118 William Street",Historical fiction||Love stories,Frontier and pioneer life--Fiction||Indians of North America--Fiction||Natchez Indians--Fiction||Indian captivities--Fiction,61,,3
dimenovels:135,cluster3,100,11905,"Bald Eagle, or, The last of the Ramapaughs : a romance of Revolutionary times",1867-07-02,1867,"Smith, Elizabeth Oakes Prince, 1806-1893","Beadle and Company, 118 William Street",Love stories||Historical fiction,"Washington, George, 1732-1799--Fiction||Indians of North America--Fiction||United States--History--Revolution, 1775-1783--Fiction||Ramapo River Valley (N.Y. and N.J.)--Fiction",127,,3
dimenovels:148,cluster3,100,7705,"Silent slayer, or, The maid of Montreal",1869-02-17,1869,"Hamilton, W. J., 1843-1892","Beadle and Company, 98 William Street",Historical fiction,"United States--History--French and Indian War, 1754-1763--Fiction||Montre?al (Que?bec)--Fiction||Champlain, Lake--Fiction",171,,3
dimenovels:161,cluster3,116,10765,"East and west, or, The beauty of Willard's Mill",1862-02-01,1862,"Barritt, Frances Fuller, Mrs.","Beadle and Company, 141 William Street",Love stories,Mills and mill-work--Fiction||Frontier and pioneer life--Fiction,35,,3
dimenovels:164,cluster3,100,6318,"The two hunters, or, The can?on camp : a romance of the Santa Fe? Trail",1865-05-30,1865,"Victor, Metta Victoria Fuller, 1831-1885","Beadle and Company, 118 William Street",Love stories,Hunters--New Mexico--Red River (N.M.: River)--Fiction||Comanche Indians--Fiction,81,,3
dimenovels:170,cluster3,118,9034,"Putnam Pomfret's ward, or, A Vermonter's adventures in Mexico",1861-10-19,1861,"Duganne, A. J. H. (Augustine Joseph Hickey), 1823-1884","Beadle and Company, 141 William Street",Adventure stories,Guardian and ward--Fiction||Mexico--Fiction,30,,3
dimenovels:45,cluster3,100,6987,The two guards,1863-03-07,1863,"Iron, N. C. (Nathaniel Colchester)","Beadle and Company, 118 William Street",Adventure stories,Frontier and pioneer life--Illinois--Fiction||Slavery--New Orleans (La.)--Fiction,51,,3
dimenovels:95,cluster3,116,9222,Mohawk Nat : a tale of the great North Woods,1868-06-23,1868,"Hamilton, W. J., 1843-1892","Beadle and Company, 98 William Street",Historical fiction,"Indians of North America--Fiction||United States--History--Colonial period, ca. 1600-1775--Fiction||Mohawk River Valley (N.Y.)--Fiction||French--Fiction",153,,3
dimenovels:124,cluster4,98,11617,"Ruth Harland, or, The maid of Weathersfield",1866-05-29,1866,"Hamilton, W. J., 1843-1892","Beadle and Company, 118 William Street",Adventure stories,Frontier and pioneer life--Fiction||Pequot Indians--Fiction||Connecticut--Fiction,98,,3
dimenovels:151,cluster4,100,6827,"Squatter Dick, or, The swamp fox's oath : a tale of troubled times",1870-09-27,1870,"Badger, Jos. E. (Joseph Edward), 1848-1909","Beadle and Company, 98 William Street",Historical fiction,"Marion, Francis, 1732-1795--Fiction||Sumter, Thomas, 1734-1832--Fiction||North Carolina--Fiction||South Carolina--Fiction",213,,3
dimenovels:171,cluster4,134,10651,"Alicia Newcome, or, The land claim : a tale of the upper Missouri",1862-5,1862,"Barritt, Frances Fuller, Mrs.","Beadle and Company, 141 William Street",Historical fiction,Frontier and pioneer life--Fiction||Missouri River--Fiction||Nebraska--Fiction,39,,3
dimenovels:181,cluster4,100,11963,"Border vengeance, or, The Night-hawk's daughter : a tale of the territories",1873-4,1873,"Hamilton, W. J., 1843-1892","Beadle and Adams, 98 William Street",Western stories,Frontier and pioneer life--Kansas--Fiction||Outlaws--Kansas--Fiction||Revenge--Fiction,280,,3
dimenovels:186,cluster4,100,10016,"Metamora, the forest king",1870-05-24,1870,"Armstrong, Frank P., Captain, 1846-1894","Beadle and Company, 98 William Street",War stories,"Philip, Sachem of the Wampanoags, -1676||Plymouth (Mass.)--Fiction||United States--History--Colonial period, ca. 1600-1775--Fiction||King Philip's War, 1675-1676--Fiction",204,,3
dimenovels:202,cluster4,100,11515,"Job Dean, the trapper",1868-10-01,1868,"North, Ingoldsby","Beadle and Company, 98 William Street",Adventure stories,Trappers--Fiction||Indians of North America--Warfare--Fiction||Kansas--Fiction||Nebraska--Fiction,163,,3
dimenovels:21794,cluster4,119,,"Ahmo's plot, or, The governor's Indian child",1863-06-20,1863,"Stephens, Ann S. (Ann Sophia), 1810-1886",118 William St.,Historical fiction,"Frontenac, Louis de Buade, comte de, 1620-1698--Fiction||Indians of North America--Ontario--Fiction",56,530,3
dimenovels:21813,cluster4,83,,"Wenona, the giant chief, or, The forest flower",1868-11,1868,"Hamilton, W. J., 1843-1892",98 William St.,Adventure stories,Frontier and pioneer life--New York (State)--Fiction||Massacres--New York (State)--Fiction||French--United States--Fiction||Mohawk Indians--Fiction||Oneida Indians--Fiction||New York (State)--Fiction,164,628,3
dimenovels:21987,cluster4,98,,The lake rangers : a tale of Ticonderoga,1868-10,1868,"Hamilton, W. J., 1843-1892",98 William St.,Adventure stories,"Fort Ticonderoga (N.Y.)--Fiction||New York (State)--History--French and Indian War, 1755-1763--Fiction||United States--History--French and Indian War, 1755-1763--Campaigns--Fiction",161,374,3
dimenovels:244,cluster4,100,9591,"The border foes, or, The perils of a night : a romance of early Kentucky",1867-12-17,1867,"Willett, Edward, 1830-1889","Beadle and Company, 118 William Street",Love stories,Enemies--Kentucky--Fiction||Frontier and pioneer life--Kentucky--Fiction||Kentucky--Fiction||Indians--Fiction,139,,3
dimenovels:74,cluster4,132,10746,"Mahaska, the Indian princess",1863-12-19,1863,"Stephens, Ann S. (Ann Sophia), 1810-1886","Beadle and Company, 118 William Street",Historical fiction,Princesses--Indians--Fiction||Indian captivities--Fiction||Indians of North America--Ontario--Fiction,63,,3
dimenovels:94,cluster4,100,9663,"The Indian spy, or, The unknown foe : a romance of early Kentucky",1870-12-06,1870,"Badger, Jos. E. (Joseph Edward), 1848-1909","Beadle and Company, 98 William Street",Love stories,"Girty, Simon, 1741-1818--Fiction||Kenton, Simon, 1755-1836--Fiction||Ojibwa Indians--Fiction||Indians of North America--Fiction||Kentucky--History--To 1792--Fiction",218,,3
dimenovels:139,cluster5,98,7413,The Quakeress spy : a romance of 1780,1868-08-04,1868,"Howland, William Henry, 1831-1869","Beadle and Company, 98 William Street",Historical fiction||Love stories,"Quakers--Fiction||Spies--Fiction||Philadelphia (Pa.)--History--Revolution, 1775-1783--Fiction",156,,3
dimenovels:144,cluster5,100,10834,"The Mohegan maiden, or, The stranger of the settlement : a story of King Phillip's War",1867-02-12,1867,"Bowen, James L. (James Lorenzo), 1842-1919","Beadle and Company, 118 William Street",Historical fiction,"Mohegan Indians--Fiction||Narragansett Indians--Fiction||King Philip's War, 1675-1676--Fiction||Connecticut--Fiction",117,,3
dimenovels:215,cluster5,100,10707,The lost cache : a tale of hid treasure,1866-02-13,1866,"Henderson, J. Stanley, 1830-1889","Beadle and Company, 118 William Street",Western stories,Gold--Fiction||Rocky Mountains--Fiction,91,,3
dimenovels:21932,cluster5,100,,"The gulch miners, or, The queen of the secret valley : a romance of the gold region",1867-07-16,1867,"Hamilton, W. J., 1843-1892",118 William St.,Love stories,Gold miners--Fiction||California--Gold discoveries--Fiction,128,489,3
dimenovels:236,cluster5,100,11469,"The Sons of Liberty, or, The maid of Tryon : a story of the Mohawk Valley in revolutionary days",1867-01-15,1867,"Hamilton, W. J., 1843-1892","Beadle and Company, 118 William Street",Historical fiction,"Sons of Liberty--Fiction||American loyalists--Fiction||United States--History--Revolution, 1775-1783--Fiction||Great Britain--Stamp Act (1765)--Fiction||Schenectady (N.Y.)--Fiction||Brant, Joseph, 1742-1807--Fiction||Burgoyne, John, 1722-1792--Fiction||Schuyler, Philip John, 1733-1804--Fiction||Herkimer, Nicholas, 1728-1777--Fiction",115,,3
dimenovels:115,cluster6,100,12494,"The peon prince, or, The Yankee knight-errant : a tale of modern Mexico",1861-06-15,1861,"Duganne, A. J. H. (Augustine Joseph Hickey), 1823-1884","Beadle and Company, 118 William Street",Love stories,Mexico--Fiction,25,,3
dimenovels:122,cluster6,100,12371,"Cast away, or, The island bride : a romance of the ""Enchanted Isles""",1866-01-30,1866,"Starbuck, Roger, 1837-","Beadle and Company, 118 William Street",Sea stories||Love stories,Castaways--Fiction||South Pacific Ocean--Fiction,90,,3
dimenovels:128,cluster6,108,10669,"The blue anchor, or, The lost bride",1868-09-01,1868,"Starbuck, Roger, 1837-","Beadle and Company, 98 William Street",Sea stories,Shipwrecks--Fiction||Tatars--Fiction||Castaways--Fiction||New Bedford (Mass.)--Fiction||Aleutian Islands (Alaska)--Fiction,158,,3
dimenovels:205,cluster6,100,5912,"The maid of Esopus, or, The trials and triumphs of the Revolution",1861-05-01,1861,"Iron, N. C. (Nathaniel Colchester)","Beadle and Company, 141 William Street",Historical fiction,"United States--History--Revolution, 1775-1783--Fiction",22,,3
dimenovels:223,cluster6,100,11026,"Big Foot, the guide, or, The surveyors : a tale of the Carolina settlements",1866-08-07,1866,"Hamilton, W. J., 1843-1892","Beadle and Company, 118 William Street",Historical fiction,Indians of North America--Fiction||Surveyors--Fiction||North Carolina--History--Fiction,103,,3
dimenovels:230,cluster6,100,11098,"The wood king, or, Daniel Boone's last trail : a romance of the Osage country",1873-08-12,1873,"Badger, Jos. E. (Joseph Edward), 1848-1909","Beadle and Adams, 98 William Street",Love stories||Western stories,"Boone, Daniel, 1734-1820--Fiction||Osage Indians--Fiction||Indians of North America--Missouri River Valley--Fiction||Kickapoo Indians--Fiction||Potawatomi Indians--Fiction||Howard County (Mo.)--Fiction",288,,3
dimenovels:238,cluster6,100,8360,"The Dacotah scourge, or, The white antelope of the Pawnees",1869-08-31,1869,"Robinson, George (George W.), 1843-1913","Beadle and Company, 98 William Street",Western stories,Frontier and pioneer life--Fiction||Rapid Creek (S.D.)--Fiction||Dakota Indians--Fiction||Pawnee Indians--Fiction,185,,3
dimenovels:257,cluster6,96,5170,The wrecker's daughter : a romance of the Barnegat Beach,1867-08-27,1867,"James, Orrin, Mrs., 1831-1885","Beadle and Company, 118 William Street",Love stories,Barnegat Bay (N.J.)--Fiction||Wreckers (Plunderers of ships)--Fiction,131,,3
dimenovels:61,cluster6,100,8032,"The swamp riders, or, The blacksmith of Camden",1869-12-21,1869,"Gilbert, George Darcy","Beadle and Company, 98 William Street",Historical fiction,"United States--History--Revolution, 1775-1783--Fiction||South Carolina--History--Revolution, 1775-1783--Fiction",193,,3
dimenovels:90,cluster6,116,13598,"On the deep, or, The missionary's daughter : a story of the Pacific Ocean",1865-11-29,1865,"Starbuck, Roger, 1837-","Beadle and Company, 118 William Street",Love stories||Sea stories,Daughters--Fiction||Pacific Ocean--Fiction,87,,3
dimenovels:91,cluster6,100,11974,"The lone chief, or, The trappers of the Saskatchewan : a tale of the long trail",1873-06-03,1873,"Badger, Jos. E. (Joseph Edward), 1848-1909","Beadle and Adams, 98 William Street",Adventure stories,Frontier and pioneer life--Saskatchewan River (Sask. and Man.)--Fiction||Omaha Indians--Fiction||Cree Indians--Fiction,283,,3
dimenovels:112,cluster7,102,3939,The Indian queen,1864-06-28,1864,"Stephens, Ann S. (Ann Sophia), 1810-1886","Beadle and Company, 118 William Street",Historical fiction,Queens--Indians--Fiction||Seneca Indians--Fiction||Indians of North America--Ontario--Fiction,70,,3
dimenovels:116,cluster7,98,6174,"Yankee Eph, or, The thwarted plot : an episode of the partisans",1867-09-24,1867,"Worcester, J. R.","Beadle and Company, 118 William Street",Adventure stories,"South Carolina--Fiction||United States--History--Revolution, 1775-1783--Fiction||Marion, Francis, 1732-1795--Fiction||Sumter, Thomas, 1734-1832--Fiction||Tarleton, Lieutenant-General, 1754-1833--Fiction",133,,3
dimenovels:117,cluster7,100,11819,"Rattlepate, or, The missing deed : a legend of Manhattan in colony times",1866-12-21,1866,"Sherwood, Scott Rathburn, 1842-1910","Beadle and Company, 118 William Street",Historical fiction,"Deeds--Fiction||Manhattan (New York, N.Y.)--Fiction",113,,3
dimenovels:118,cluster7,100,7676,"Blackeyes, or, The three captives : a tale of the Taos Valley",1867-07-30,1867,"Willett, Edward, 1830-1889","Beadle and Company, 118 William Street",War stories,"Mexican War, 1846-1848--Fiction||Prisoners--Fiction||Taos (N.M.)--Fiction",129,,3
dimenovels:13695,cluster7,100,10947,"Ned Starling, or, The marauder's island",1867-01-03,1867,"Henderson, J. Stanley, 1830-1889","Beadle and Company, 118 William Street",Western stories,Brigands and robbers--Fiction||Arkansas--Fiction,114,,3
dimenovels:13623,cluster1,100,11770,"Mountain Ned, or, The flying scout",1874-06-02,1874,"Hamilton, W. J., 1843-1892","Beadle and Adams, 98 William Street",Adventure stories,Comanche Indians--Fiction||Parachutes--Fiction||New Mexico--Fiction,309,,2
dimenovels:21262,cluster1,100,8054,"The Plymouth scout, or, Eutawan, the slayer",1871-08-29,1871,"Hamilton, W. J., 1843-1892","Beadle and Company, 98 William Street",Historical fiction,"Standish, Myles, 1584?-1656--Fiction||Wampanoag Indians--Fiction||Narragansett Indians--Fiction||Plymouth County (Mass.)--17th century--Fiction",237,,2
dimenovels:216,cluster1,94,5775,"The white canoe, or, The spirit of the lake",1869-01-19,1869,"St. John, Percy B. (Percy Bolingbroke), 1821-1889","Beadle and Company, 98 William Street",Western stories,Comanche Indians--Fiction||Apache Indians--Fiction||Texas--Fiction||Mexico--Fiction,169,,2
dimenovels:21864,cluster1,99,,"Swiftwing, the squaw, or, The phantom warrior",1871-10-10,1871,"Willett, Edward, 1830-1889",98 William St.,Adventure stories,Frontier and pioneer life--Fiction||Wagon trains--Fiction||Comanche Indians--Fiction||Delaware Indians--Fiction,240,438,2
dimenovels:21875,cluster1,94,,"Rob Ruskin, the prairie rover, or, The forest maid",1868-07-07,1868,"James, Orrin, Mrs., 1831-1885",98 William St.,Adventure stories,Counterfeiters--Fiction||Outlaws--Fiction||Silver mines and mining--Fiction||Missouri--Fiction,154,465,2
dimenovels:21919,cluster1,98,,The Death's-Head Rangers : a tale of the Lone Star State,1874-05-05,1874,"Whittaker, Frederick, 1838-1889",No. 98 William Street,Adventure stories,Texas--Politics and government--1835-1836--Fiction||Kentucky--19th century--Fiction,307,416,2
dimenovels:21920,cluster1,98,,"Sonora Ben, or, The mountain of gold : a romance of the desert wilds",1874-06-30,1874,"Badger, Jos. E. (Joseph Edward), 1848-1909",No. 98 William Street,Love stories,Gold--Fiction||Apache Indians--Fiction||Mexico--Boundaries--United States--Fiction,311,422,2
dimenovels:21951,cluster1,102,,"Wingenund, the young trail-hunter; or, The death of War-Eagle : a sequel to ""The white brave""",1872-07-16,1872,"Murray, Captain",No. 98 William Street,Adventure stories,Delaware Indians--Fiction||Frontier and pioneer life--Fiction,260,491,2
dimenovels:62,cluster1,100,5857,"The ice-fiend, or, The hunted whalemen",1871-08-15,1871,"Starbuck, Roger, 1837-","Beadle and Company, 98 William Street",Sea stories,Eskimos--Fiction||Whaling--Fiction||Arctic Ocean--Fiction,236,,2
dimenovels:65,cluster1,100,9161,"The partisan spy, or, The witch of the Santee Swamps",1871-05-23,1871,"Badger, Jos. E. (Joseph Edward), 1848-1909","Beadle and Company, 98 William Street",Historical fiction,"Marion, Francis, 1732-1795--Fiction||Spies--Fiction||American loyalists--Fiction||South Carolina--History--Revolution, 1775-1783--Fiction",230,,2
dimenovels:79,cluster1,100,9371,"Graybeard, the sorcerer, or, The recluse of Mont Royale",1871-11-07,1871,"Clark, Charles Dunning, 1843-1892","Beadle and Company, 98 William Street",Historical fiction,Magicians--Fiction||Recluses--Fiction||Montre?al (Que?bec)--History--17th century--Fiction||French--Fiction,242,,2
dimenovels:85,cluster1,100,11093,"The forest princess, or, The Kickapoo captives : a romance of the Illinois",1871-04-11,1871,"Badger, Jos. E. (Joseph Edward), 1848-1909","Beadle and Company, 98 William Street",Historical fiction||Love stories,"Frontier and pioneer life--Indiana--Fiction||Kickapoo Indians--Indiana--Fiction||Kickapoo Indians--Illinois--Fiction||Hopkins, Samuel, Major General, 1753-1819",227,,2
dimenovels:92,cluster1,100,11208,"Shadow Jack, or, The spotted cruiser",1868-12-22,1868,"Starbuck, Roger, 1837-","Beadle and Company, 98 William Street",Sea stories,"Mutiny--Fiction||Muslims--Fiction||United States--History--War with Algeria, 1815--Fiction",167,,2
dimenovels:93,cluster1,100,10589,"The Jaguar Queen, or The outlaws of the Sierra Madre",1872-10-22,1872,"Whittaker, Frederick, 1838-1889","Beadle and Adams, 98 William Street",Western stories,Outlaws--Fiction||Silver mines and mining--Arizona--Fiction||Deserts--Fiction||Valleys--Fiction||Sierra Madre (Mexico)--Fiction||Mogollon Rim (Ariz.)--Fiction,267,,2
dimenovels:120,cluster2,100,8144,"Weetamora, the squaw sachem, or, The earl's half-breed daughter : a tale of the old colony days",1872-02-14,1872,"Whittaker, Frederick, 1838-1889","Beadle and Company, 98 William Street",Historical fiction,"King Philip's War, 1675-1676--Fiction||Indians of North America--Wars--1600-1750--Fiction||Wampanoag Indians--Fiction||Rhode Island--History--Fiction||New England--History--Colonial period, ca. 1600-1775--Fiction",249,,2
dimenovels:176,cluster2,96,6839,"The specter skipper, or, The sunken will",1869-12-07,1869,"Starbuck, Roger, 1837-","Beadle and Company, 98 William Street",Sea stories,Pirates--Fiction||West Indies--Fiction,192,,2
dimenovels:178,cluster2,116,8154,"Snow Bird, or, The trapper's child",1868-09-15,1868,"Willett, Edward, 1830-1889","Beadle and Company, 98 William Street",Adventure stories,Indian captivities--Fiction||Siksika Indians--Fiction||Saint Louis (Mo.)--Fiction||Wyoming--Fiction,159,,2
dimenovels:193,cluster2,100,8702,"The border rivals, or, The mill-flume mystery",1868-10-01,1868,"James, Orrin, Mrs., 1831-1885","Beadle and Company, 98 William Street",Detective and mystery stories,Frontier and pioneer life--Ohio--Fiction||Attempted murder--Fiction,162,,2
dimenovels:204,cluster2,98,9146,"The Blue Clipper, or, The smuggler spy",1871-01-17,1871,"Starbuck, Roger, 1837-","Beadle and Company, 98 William Street",Sea stories,"Smugglers--Fiction||Spies--Fiction||Mexico, Gulf of--19th century--Fiction||Veracruz (Veracruz-Llave, Mexico)--Fiction",221,,2
dimenovels:21756,cluster2,99,,"The stone chief, or, The last of the giant Indians",1874-10-06,1874,"Hamilton, W. J., 1843-1892",No. 98 William Street,Adventure stories,"Onondaga Indians--Fiction||Algonquian Indians--Fiction||New York (State)--Fiction||Ontario, Lake (N.Y. and Ont.)--Fiction",318,433,2
dimenovels:21776,cluster2,101,,"Death-trailer, the scourge of the Plain Crees",1873-12-02,1873,"Badger, Jos. E. (Joseph Edward), 1848-1909",No. 98 William Street,Adventure stories,Frontier and pioneer life--Saskatchewan--Fiction||Fur traders--Fiction||Cree Indians--Fiction,296,425,2
dimenovels:21792,cluster2,102,,The corsair prince : a story of the war with Tripoli,1874-03-10,1874,"Whittaker, Frederick, 1838-1889",No. 98 William Street,Sea stories,"Pirates--Fiction||War, Maritime (International law)--Fiction||Africa, North--Fiction",303,428,2
dimenovels:21808,cluster2,99,,"The warrior princess, or, The pride of the Everglades",1873-09-23,1873,"Hamilton, W. J., 1843-1892",No. 98 William Street,Adventure stories,"Soto, Hernando de, ca. 1500-1542--Fiction||Seminole Indians--Fiction||Everglades (Fla.)--16th century--Fiction||Tampa Bay (Fla.)--16th century--Fiction||Florida--History--Spanish colony, 1565-1763--Fiction",291,418,2
dimenovels:21810,cluster2,99,,"Ethan Allen's rifles, or, The Green-Mountain Boys",1873-07-29,1873,"Hamilton, W. J., 1843-1892",No. 98 William Street,Historical fiction,"Allen, Ethan, 1738-1789--Fiction||United States--History--Revolution, 1775-1783--Fiction||Bennington (Vt.)--Fiction||Green Mountains (Vt.)--Fiction",287,429,2
dimenovels:21822,cluster2,100,,"The five champions, or, The backwoods belle",1867-03-12,1867,"Willett, Edward, 1830-1889",118 William St.,Adventure stories,Shooting--Kentucky--Fiction||Frontier and pioneer life--Kentucky--Fiction,119,462,2
dimenovels:21829,cluster2,102,,"Red Dan, the ranger, or, The league of three : a tale of colonial times",1872-07-30,1872,"Badger, Jos. E. (Joseph Edward), 1848-1909",No. 98 William Street,Adventure stories,"Coosa Indians--Fiction||Creek Indians--Fiction||North Carolina--History--Colonial period, ca. 1600-1775--Fiction||South Carolina--History--Colonial period, ca. 1600-1775--Fiction",261,408,2
dimenovels:21872,cluster2,99,,"The Mad Ranger, or, The hunters of the Wabash : a tale of Tecumseh's time",1871-01-31,1871,"Badger, Jos. E. (Joseph Edward), 1848-1909",98 William St.,Adventure stories,Indians of North America--Wars--1750-1815--Fiction||Shawnee Indians--Wars--Fiction,222,382,2
dimenovels:21879,cluster2,102,,"[T]he blue band, or, The mystery of the silver star : a romance of the Texan border",1872-09-24,1872,"Henderson, J. Stanley, 1830-1889",No. 98 William Street,Western stories||Love stories,Outlaws--Fiction||Texas--Fiction,265,419,2
dimenovels:21986,cluster2,100,,"Blackhawk, the bandit, or, The Indian scout",1872-05-07,1872,"St. John, Percy B. (Percy Bolingbroke), 1821-1889",98 William St.,Western stories,Indians of North America--Texas--Fiction||Outlaws--Texas--Fiction,255,410,2
dimenovels:226,cluster2,100,10923,"Arkansas Kit, or, The river sprite's choice : a tale of the Crowfoot country",1873-11-18,1873,"Hamilton, W. J., 1843-1892","Beadle and Adams, 98 William Street",Adventure stories,Frontier and pioneer life--Arkansas--Fiction||Crow Indians--Fiction,295,,2
dimenovels:232,cluster2,100,12357,"The girl scout, or, The Island League : a romance of the Great North Lake",1874-04-07,1874,"Hamilton, W. J., 1843-1892","Beadle and Adams, 98 William Street",Love stories,"Silver miners--Minnesota--Fiction||Outlaws--19th century--Fiction||Vigilance committees--Fiction||Superior, Lake--Fiction",305,,2
dimenovels:237,cluster2,100,9057,"Eagle Plume, the white avenger",1870-02-01,1870,"Aiken, Albert W., 1846-1894","Beadle and Company, 98 William Street",Western stories,Mormons--Fiction||Dakota Indians--Fiction||Danites (Mormon Church)--Fiction||Green River (Utah)--Fiction||Great Salt Lake (Utah)--Fiction,196,,2
dimenovels:246,cluster2,100,9719,"The Tonkawa spy, or, The Comanche foray",1873-10-21,1873,"Willett, Edward, 1830-1889","Beadle and Adams, 98 William Street",Adventure stories,Tonkawa Indians--Fiction||Comanche Indians--Fiction||Indians of North America--Texas--Fiction||Mexicans--Fiction||Nueces River (Tex.)--19th century--Fiction,293,,2
dimenovels:253,cluster2,100,11002,"The ocean outlaw, or, The stolen sister",1870-07-19,1870,"Caldwell, J. R.","Beadle and Company, 98 William Street",Sea stories,Pirates--Fiction||Outlaws--Fiction||Kidnapping--Fiction||Saint Augustine (Fla.)--Fiction,208,,2
dimenovels:48,cluster2,100,11033,"Sheet-Anchor Tom, or, The sunken treasure",1867-12-31,1867,"Starbuck, Roger, 1837-","Beadle and Company, 118 William Street",Love stories||Sea stories,Atlantic Coast (North America)--Fiction||Shipwrecks--Fiction||Ship captains--Fiction||Treasure troves--Fiction,140,,2
dimenovels:80,cluster2,100,4875,"Black Arrow, the avenger, or, Judge Lynch on the border",1871-03-14,1871,"Willett, Edward, 1830-1889","Beadle and Company, 98 William Street",Historical fiction,Outlaws--Fiction||Vigilance committees--Fiction||Texas--History--To 1846--Fiction,225,,2
dimenovels:86,cluster2,100,7976,"The Red Coyote, or, Lupah, the Flower of the Prairie",1869-03-16,1869,"Aiken, Albert W., 1846-1894","Beadle and Company, 98 William Street",Adventure stories,"Gila River (N.M. and Ariz.)--Fiction||Mexico--History--Spanish colony, 1540-1810--Fiction",173,,2
dimenovels:121,cluster3,100,10098,"The privateer's bride, or, The channel scud",1871-07-04,1871,"Caldwell, J. R.","Beadle and Company, 98 William Street",Sea stories||Love stories,"Privateering--Fiction||Brides--Fiction||United States--History--Revolution, 1775-1783--Fiction",233,,2
dimenovels:13754,cluster3,100,11380,"The black spy, or, The Yellowstone trail",1873-05-06,1873,"Adams, Bruin, 1840-1916","Beadle and Adams, 98 William Street",Adventure stories,Dakota Indians--Fiction||Manitou (Algonquian deity)--Fiction||Yellowstone Trail (Highway)--Fiction,281,,2
dimenovels:155,cluster3,100,9147,"The white brave, or, The flower of the Lenape Lodge",1872-06-18,1872,"Murray, Captain","Beadle and Company, 98 William Street",Historical fiction,Delaware Indians--Fiction||Frontier and pioneer life--Fiction||Muskingum River Valley (Ohio)--Fiction,258,,2
dimenovels:203,cluster3,100,10493,"The fire-eater, or, The Texan's revenge",1872-03-12,1872,"Willett, Edward, 1830-1889","Beadle and Company, 98 William Street",Western stories,Fire eating--Fiction||Revenge--Fiction||Comanche Indians--Texas--Fiction||Texas--19th century--Fiction||Magic tricks--Fiction,251,,2
dimenovels:212,cluster3,98,10409,"Old Avoirdupois, or, Steel Coat, the Apache terror",1872-06-04,1872,"Hamilton, W. J., 1843-1892","Beadle and Company, 98 William Street",Adventure stories,Apache Indians--New Mexico--Fiction||Earthquakes--Fiction||Texas--Fiction,257,,2
dimenovels:21874,cluster3,102,,"The conspirators, or, The island league : a romance of Cuba and Cuban waters",1874-02-24,1874,"Ingraham, Prentiss, 1843-1904",No. 98 William Street,Sea stories,Conspiracies--Fiction||Cuba--Fiction,302,437,2
dimenovels:21995,cluster3,102,,"The gray hunter, or, The white spirit of the Apaches : a tale of the Arizona Mountains placers",1872-12-17,1872,"Willett, Edward, 1830-1889",No. 98 William Street,Adventure stories,Deserts--Arizona--Fiction||Mountains--Arizona--Fiction||Gold mines and mining--Fiction||Apache Indians--Fiction||Overland Trails--Fiction,271,450,2
dimenovels:234,cluster3,100,6383,"The pale-face squaw, or, The last arrow",1869-05-11,1869,"Clark, Charles Dunning, 1843-1892","Beadle and Company, 98 William Street",Historical fiction,"Indians of North America--Fiction||Jamestown (Va.)--Fiction||United States--History--Colonial period, ca. 1600-1775--Fiction",177,,2
dimenovels:134,cluster4,100,8095,"The red scalper, or, The maid of Oneida",1869-09-14,1869,"Hamilton, W. J., 1843-1892","Beadle and Company, 98 William Street",Adventure stories,Frontier and pioneer life--Fiction||Oswego (N.Y.)--Fiction||Oneida Indians--Fiction||Wyandot Indians--Fiction||Onondaga Indians--Fiction,186,,2
dimenovels:145,cluster4,100,10399,"The white hermit, or, The unknown foe : a romance of the lakes and woods",1870-10-25,1870,"Hamilton, W. J., 1843-1892","Beadle and Company, 98 William Street",Love stories,Frontier and pioneer life--New York (State)--Fiction||Iroquois Indians--Fiction||Oneida Indians--Fiction||New York (State)--Social life and customs--To 1775,215,,2
dimenovels:16754,cluster4,100,10884,"The masked guide, or, The road agents of the Plains",1870-05-10,1870,"Badger, Jos. E. (Joseph Edward), 1848-1909","Beadle and Company, 98 William Street",Western stories,Cheyenne Indians--Fiction||Brigands and robbers--Fiction||Kansas--Fiction||Black Hills (S.D. and Wyo.)--Fiction,203,,2
dimenovels:182,cluster4,98,10836,"The lost ship, or, The cruise for a shadow",1866-10-19,1866,"Starbuck, Roger, 1837-","Beadle and Company, 118 William Street",Sea stories,Whaling--Fiction||Shipwrecks--Fiction,108,,2
dimenovels:21761,cluster4,98,,"Mountain Gid, the free ranger, or, The bandit's daughter",1870-11-22,1870,"Hamilton, W. J., 1843-1892",98 William St.,Adventure stories,Hermits--Fiction||Outlaws--Fiction||Daughters--Fiction||Saskatchewan--Fiction,217,424,2
dimenovels:21774,cluster4,100,,"Sumter's scouts, or, The riders of the Catawba : a romance of the Revolution",1867-05-21,1867,"Hamilton, W. J., 1843-1892",118 William St.,Historical fiction||Love stories,"Marion, Francis, 1732-1795||South Carolina--History--Revolution, 1775-1783--Fiction",124,461,2
dimenovels:21803,cluster4,100,,"The peddler spy, or, Dutchmen and Yankees : a tale of the capture of Good Hope",1866-10-02,1866,"Hamilton, W. J., 1843-1892",118 William St.,Adventure stories,"New Englanders--Fiction||Indians of North America--New York (State)--Fiction||Connecticut--Fiction||Massachusetts--History--New Plymouth, 1620-1691--Fiction",107,445,2
dimenovels:21845,cluster4,100,,"The backwoods banditti, or, The hidden home",1866-11-13,1866,"Willett, Edward, 1830-1889",118 William St.,Adventure stories,Brigands and robbers--Fiction||Trappers--Fiction||Delaware Indians--Fiction,110,456,2
dimenovels:21897,cluster4,94,,"Mossfoot, the brave, or, The fat scout of Oneida Lake",1874-01-13,1874,"Hamilton, W. J., 1843-1892",No. 98 William Street,Adventure stories,Oneida Indians--Fiction||Wyandot Indians--Fiction||Mohawk Indians--Fiction||Oneida Lake (N.Y.)--Fiction||Mohawk River Valley (N.Y.)--Fiction,299,475,2
dimenovels:21909,cluster4,99,,"Caribou Zip, or, The forest brothers",1874-04-21,1874,"Badger, Jos. E. (Joseph Edward), 1848-1909",No. 98 William Street,Historical fiction,"Brant, Joseph, 1742-1807--Fiction||Pontiac's Conspiracy, 1763-1765--Fiction||Ottawa Indians--Fiction||Shawnee Indians--Fiction",306,439,2
dimenovels:21918,cluster4,96,,"Captain of captains, or, The broom of the seas : a story of the Moorish corsairs",1873-09-09,1873,"Ingraham, Prentiss, 1843-1904",No. 98 William Street,Sea stories,Twins--Fiction||Muslims--Fiction||Pirates--Fiction,290,417,2
dimenovels:229,cluster4,100,8907,"The red-skin's pledge, or, The double plot",1868-12-08,1868,"Bowen, James L. (James Lorenzo), 1842-1919","Beadle and Company, 98 William Street",Adventure stories,Creek Indians--Fiction||Horse stealing--Fiction||Alabama--Fiction,166,,2
dimenovels:50,cluster4,100,7661,"The water waif, a tale of ancient New York",1867-02-26,1867,"Sumner, Charles Pinckney, 1776-1839","Beadle and Company, 118 William Street",Historical fiction,Orphans--Fiction||Piracy--Fiction||Slave trade--Fiction||New York (N.Y.)--Fiction||West Indies--Fiction,118,,2
dimenovels:60,cluster4,100,6615,"Graylock, the guide : a romance of the prairie",1870-01-04,1870,"Clark, Charles Dunning, 1843-1892","Beadle and Company, 98 William Street",Love stories||Western stories,Secrets--Fiction||Apache Indians--Fiction||Arapaho Indians--Fiction||Pawnee Indians--Fiction||Texas--Fiction,194,,2
dimenovels:68,cluster4,100,9922,"Barden, the ranger, or, The flower of the Uchees : a tale of Georgia in early times",1867-04-23,1867,"Hamilton, W. J., 1843-1892","Beadle and Company, 118 William Street",Adventure stories,Yuchi Indians--Fiction||Georgia--Fiction,122,,2
dimenovels:99,cluster4,92,4878,"Saloueh, the Cherokee, or, The white rose of the Saluda : a romance of 1756",1867-10-22,1867,"Henderson, J. Stanley, 1830-1889","Beadle and Company, 118 William Street",Love stories,Cherokee Indians--Fiction||Colonists--Fiction||South Carolina--Fiction,135,,2
dimenovels:147,cluster5,100,6962,"The red prince, or, The last of the Aztecs : a romance of the lost palace",1871-12-19,1871,"Whittaker, Frederick, 1838-1889","Beadle and Company, 98 William Street",Love stories,Aztecs--Fiction||Palaces--Mexico--Fiction||Sierra Madre (Mexico)--19th century--Fiction,245,,2
dimenovels:156,cluster5,98,7683,"The cruiser of the Chesapeake, or, The Pride of the Nansemond",1864-11-01,1864,"Phillipse, Robert","Beadle and Company, 118 William Street",Sea stories,"Privateering--Fiction||United States--History--Revolution, 1775-1783--Fiction||Chesapeake Bay (Md. and Va.)--Fiction",74,,2
dimenovels:190,cluster5,100,5687,"The forest monster, or, Lamora, the maid of the canon : a romance of the far West",1870-10-11,1870,"LaSalle, Charles E., 1840-1916","Beadle and Company, 98 William Street",Love stories||Western stories,Wagon trains--Fiction||Gold--Black Hills (S.D. and Wyo.)--Fiction||Sihasapa Indians--Fiction,214,,2
dimenovels:218,cluster5,100,9259,"The crested serpent, or, The white tiger of the tropics",1874-01-27,1874,"Emerald, John","Beadle and Adams, 98 William Street",Historical fiction,"Maximilian, Emperor of Mexico, 1832-1867--Fiction||Aztecs--Fiction||Mexico--History--1821-1861--Fiction",300,,2
dimenovels:21807,cluster5,100,,"Simple Phil, or, The Pineville Massacre : a story of the settlements",1866-09-22,1866,"Bowen, James L. (James Lorenzo), 1842-1919",118 William St.,Adventure stories,Frontier and pioneer life--Fiction||Indians of North America--Fiction||Massacres--Ohio--Fiction,106,486,2
dimenovels:21853,cluster5,92,,"The Black Princess, or, The border refugees",1871-11-21,1871,"Badger, Jos. E. (Joseph Edward), 1848-1909",98 William St.,Historical fiction,"Black Hawk, Sauk chief, 1767-1838--Fiction||Indians of North America--Wars--1815-1875--Fiction",243,480,2
dimenovels:224,cluster5,100,8004,"The border avengers, or, The white prophetess of the Delawares",1869-02-02,1869,"Willett, Edward, 1830-1889","Beadle and Company, 98 William Street",Historical fiction,"Wetzel, Lewis, 1763-1808||Delaware Indians--Fiction||Indians--Warfare--Fiction||Fort Henry (W. Va.)--Fiction",170,,2
dimenovels:227,cluster5,100,9303,"Hearts forever, or, The Old Dominion battlegrounds : a tale of 1782",1866-07-24,1866,"Iron, N. C. (Nathaniel Colchester)","Beadle and Company, 118 William Street",Historical fiction,"Washington, George, 1732-1799--Fiction||Cornwallis, Charles Cornwallis, Marquis, 1738-1805--Fiction||Friendship--Fiction||Virginia--Fiction",102,,2
dimenovels:46,cluster5,116,10462,The unknown : a tale of 1777,1863-12-01,1863,"Iron, N. C. (Nathaniel Colchester)","Beadle and Company, 118 William Street",Historical fiction,"United States--History--Revolution, 1775-1783--Fiction",62,,2
dimenovels:63,cluster5,100,6876,"The Red Rider, or, The white queen of the Apaches : a story of wild adventure",1869-08-17,1869,"Bowen, James L. (James Lorenzo), 1842-1919","Beadle and Company, 98 William Street",Western stories,Silver mines and mining--Fiction||Apache Indians--Fiction||New Mexico--Fiction,184,,2
dimenovels:72,cluster5,100,5294,"Old Honesty, or, The guests of the Beehalt Tavern : a tale of the early days of Kentucky",1867-09-10,1867,"Willett, Edward, 1830-1889","Beadle and Company, 118 William Street",Western stories,Brigands and robbers--Fiction||Taverns (Inns)--Fiction||Frontier and pioneer life--Fiction||Kentucky--Fiction,132,,2
dimenovels:101052,cluster6,99,,"Honest Hand, the trapper guide, or, The death-touch of the Blackfeet",1874-11-17,1874,"Badger, Jos. E. (Joseph Edward), 1848-1909",No. 98 William Street,Adventure stories,Frontier and pioneer life--Missouri River--Fiction||Steamboats--Fiction||Massacres--Fiction||Sihasapa Indians--Fiction,321,432,2
dimenovels:104,cluster6,100,9663,"The white gladiator, or, Manola, the sun-child : a tale of the last of the Montezumas",1872-04-09,1872,"Whittaker, Frederick, 1838-1889","Beadle and Company, 98 William Street",Love stories,Conquerors--Mexico--Fiction||Indians of Mexico--Fiction||Mexico--16th century--Fiction,253,,2
dimenovels:106,cluster6,100,10762,"Red Belt, the Tuscarora, or, The death trail",1870-11-08,1870,"Turner, Wm. Mason (William Mason), 1835-1877","Beadle and Company, 98 William Street",War stories,"Lord Dunmore's War, 1774--Fiction||Indians of North America--Wars--1750-1815--Fiction||Shawnee Indians--Wars--Fiction||Tuscarora Indians--Fiction||Kentucky--History--To 1792--Fiction||Ohio--History--To 1787--Fiction",216,,2
dimenovels:142,cluster6,108,5828,"The double hero : a tale of sea and land, during the War of 1812",1861-11-09,1861,"Iron, N. C. (Nathaniel Colchester)","Beadle and Company, 141 William Street",Love stories||Historical fiction,"Heroes--Fiction||United States--History--War of 1812--Fiction||Erie, Lake--Fiction",31,,2
dimenovels:21826,cluster6,100,,"White Serpent, the Shawnee scourge, or, Indian Heart, the renegade",1870-04-12,1870,"Dearborn, Andrew",98 William St.,Adventure stories,Frontier and pioneer life--18th century--Fiction||Shawnee Indians--Fiction||Hudson River (N.Y. and N.J.)--Fiction,201,413,2
dimenovels:21895,cluster6,96,,The traitor spy,1867-11-19,1867,"Hamilton, W. J., 1843-1892",118 William St.,Adventure stories,"Frontier and pioneer life--Fiction||United States--History--French and Indian War, 1755-1763--Fiction||Mohawk River Valley (N.Y.)--Fiction",137,449,2
dimenovels:233,cluster6,100,11844,"Little Thunderbolt, or, The rangers of the Carolinas : a tale of skinners and cowboys",1873-01-14,1873,"Badger, Jos. E. (Joseph Edward), 1848-1909","Beadle and Adams, 98 William Street",Historical fiction||Western stories,"Cherokee Indians--Fiction||North Carolina--History--Revolution, 1775-1783--Fiction||South Carolina--History--Revolution, 1775-1783--Fiction",273,,2
dimenovels:96,cluster6,100,9260,The rangers of the Mohawk : a tale of Cherry Valley,1864-01-12,1864,"Ellis, Edward Sylvester, 1840-1916","Beadle and Company, 118 William Street",Historical fiction,"United States--History--Revolution, 1775-1783--Fiction||Cherry Valley (N.Y.)--Fiction",64,,2
dimenovels:152,cluster7,116,11954,The sagamore of Saco,1868-01-28,1868,"Smith, Elizabeth Oakes Prince, 1806-1893","Beadle and Company, 118 William Street",Love stories,Indians--Kings and rulers--Fiction||Algonquin Indians--Fiction||Unrequited love--Fiction||Albinos and albinism--Fiction||Saco (Me.)--Fiction,142,,2
dimenovels:208,cluster7,100,11382,"Ruby Roland, the girl spy, or, Simon Kenton's protege",1873-05-20,1873,"Whittaker, Frederick, 1838-1889","Beadle and Adams, 98 William Street",Love stories,"Kenton, Simon, 1755-1836--Fiction||Boone, Daniel, 1734-1820--Fiction||Clark, George Rogers, 1752-1818--Fiction||Frontier and pioneer life--Kentucky--Fiction||Shawnee Indians--Fiction||Kaskaskia (Ill.)--Fiction",282,,2
dimenovels:21883,cluster7,96,,"The hunted life, or, The outcasts of the border",1867-06-04,1867,"Willett, Edward, 1830-1889",118 William St.,Adventure stories,Frontier and pioneer life--Fiction||Outcasts--Fiction||Indians of North America--Fiction||Kentucky--Fiction--18th century,125,471,2
dimenovels:21959,cluster7,102,,"The Sea King, or, The two corvettes",1873-01-28,1873,"Whittaker, Frederick, 1838-1889",No. 98 William Street,Sea stories,"Jones, John Paul, 1747-1792--Fiction||Corvettes (Warships)--Fiction",274,423,2
dimenovels:27617,cluster7,100,10887,The Falcon Rover,1866-12-11,1866,"Hungerford, James, 1814-1883","Beadle and Company, 118 William Street",Sea stories,Ships--Fiction||Chesapeake Bay (Md. and Va.)--Fiction||Drum Point (Md.)--Fiction,112,,2
dimenovels:56,cluster7,100,10824,"The twin trailers, or, The gamecock of El Paso : a tale of the Texan frontier",1872-08-13,1872,"Willett, Edward, 1830-1889","Beadle and Adams, 98 William Street",Adventure stories,Apache Indians--Fiction||Frontier and pioneer life--Texas--Fiction||Missionary settlements--Texas--Fiction||El Paso (Tex.)--19th century--Fiction,262,,2
dimenovels:78,cluster7,100,8950,"The gray scalp, or, The Blackfoot brave",1870-06-07,1870,"Willett, Edward, 1830-1889","Beadle and Company, 98 William Street",Western stories,Frontier and pioneer life--Great Plains--Fiction||Sihasapa Indians--Great Plains--Fiction||Indians of North America--Great Plains--Fiction||Overland journeys to the Pacific--Fiction,205,,2